ID_Participante,Nombre,Edad,Ciudad
408,Jackquelin Gonzalo,34,Avellaneda
203,Natassia Endon,35,San Fernando
55,Daloris Fruser,40,Berisso
296,Addy Lorant,29,Tigre
427,Laurens Gladdor,33,Punta Lara
210,Quent Thoresbie,36,La Plata
84,Velvet McGurk,25,Hurlingham
207,Barris Neale,32,Malvinas Argentinas
893,Yetty Gellion,32,Vicente López
139,Melessa Guierre,36,Tres de Febrero
11,Clemence De Clairmont,39,Tigre
602,Oberon Peealess,38,Merlo
862,Woodie Didball,40,Ezeiza
958,Hewett Bossel,36,Moreno
823,Jarad Lardner,36,Marcos Paz
627,Jourdan Commuzzo,37,Ensenada
863,Hynda Hallifax,32,Quilmes
839,Wolfie Julyan,40,Lanús
449,Willie Brigstock,35,Tigre
871,Laureen Ventam,39,Morovín
464,Alair Miguel,38,Vicente López
341,Shanta Kayser,41,Esteban Echeverría
161,Olvan Danielczyk,31,Castro Barros
247,Mina Tamas,36,Banfield
511,Fergus Weitzel,31,José C. Paz
319,Christye Clavering,40,Hurlingham
213,Ronalda McMechan,36,Florencio Varela
110,Teodoro Andersch,38,Banfield
123,Lorenza Kopps,33,Adrogué
938,Matt Grugerr,43,Quilmes
507,Addison O'Keenan,37,Tigre
149,Gertrude Leverage,32,Hurlingham
361,Leopold Dacke,38,Quilmes
909,Kenny Paliser,33,San Miguel
867,Padgett Hails,28,General Rodríguez
21,Walsh Fellgett,30,Ituzaingó
807,Raf Foskin,32,Banfield
370,Rodolph Briamo,25,La Matanza
275,Myrtie Tollmache,27,Avellaneda
95,Mohandis Jzak,24,Vicente López
538,Hortensia Bucklan,30,Berazategui
859,Effie Martt,28,Pilar
780,Bidget Druce,40,Marcos Paz
955,Zorina Arkow,32,Merlo
540,Krystle Birks,34,General Rodríguez
541,Gasparo Borsi,23,Moreno
40,Barth Josiah,35,Adrogué
47,Olenka Andryushin,40,Marcos Paz
681,Vanny Bake,40,Morón
949,Wenda Corrin,31,La Plata
465,Nickolas Farrand,34,Lomas de Zamora
804,Rutger Ollier,35,Punta Lara
71,Kennie Arnaut,23,Tres de Febrero
788,Ekaterina Rosettini,28,Malvinas Argentinas
695,Demetris Ikin,32,La Plata
922,Pieter Matuszyk,36,Lomas de Zamora
179,Dolorita Queyos,29,Adrogué
597,Halsey Pinwill,31,Berisso
30,Brok Crosser,35,Esteban Echeverría
891,Derril Coling,33,Ensenada
829,Keene Seaman,35,Avellaneda
888,Tamiko Housam,33,Berazategui
458,Bettine Barlace,30,Marcos Paz
4,Garwin Matysik,31,Pilar
66,Gerty Croley,24,Tres de Febrero
667,Olva Maulkin,27,Escobar
722,Rhona Whyte,33,José C. Paz
226,Elijah Keavy,36,Banfield
236,Mike Signe,36,Hurlingham
265,Myra Croshaw,27,Lanús
385,Rodi Kemster,37,Vicente López
842,Skipp Deakes,32,Florencio Varela
999,Hernando Elmore,33,Merlo
98,Merralee Mixon,37,Ituzaingó
241,Sherwin Mussilli,31,Quilmes
329,Arden Dikels,36,Vicente López
224,Allsun Stanway,33,Punta Lara
350,Joeann Troth,35,San Isidro
114,Caty Norledge,38,Malvinas Argentinas
821,Gilbertina Cleworth,31,Ezeiza
19,Elnora Manion,33,San Fernando
397,Nat McDonogh,36,Lomas de Zamora
178,Aretha Seear,35,Banfield
169,Michel Duckett,29,La Plata
303,Alexia Craghead,43,Monte
972,Danica Grundle,25,Escobar
414,Elnar Diddams,35,Marcos Paz
479,Carr Seres,36,Merlo
702,Andromache Fassbindler,34,Adrogué
176,Shelby Woonton,33,Adrogué
440,Scottie Czyz,34,San Martín
740,Shela Storrie,30,Banfield
365,Nikolas Haistwell,37,Lanús
23,Vivien Colliar,34,Tigre
158,Aigneis Remirez,38,Ezeiza
297,Carla Keiley,27,Moreno
392,Sheffield Kynan,29,Merlo
705,Shannon Scarf,37,Marcos Paz
18,Minda McKinless,33,Castro Barros
220,Antonin Gillease,43,Hurlingham
631,Antonin Tripony,41,Ituzaingó
482,Bogey Cawdell,30,Banfield
580,Bobbye Tomblin,36,Tres de Febrero
990,Lorianna Newtown,35,Lomas de Zamora
605,Lorne Kieran,36,Adrogué
321,Lydia Giannotti,42,La Plata
20,Clarisse Kluge,37,San Martín
177,Pierrette Coggeshall,32,Berazategui
29,Etan McAster,35,Florencio Varela
97,Pamelina Harry,28,Castro Barros
916,Maurise Giannini,39,San Isidro
276,Xena Splaven,30,Banfield
831,Adolph Schleicher,37,Ensenada
232,Erica Samarth,34,La Matanza
791,Agata Hatterslay,26,Morón
127,Ferrel Davet,33,Banfield
629,Blanch Ferns,32,Moreno
585,Jard Tams,23,La Plata
417,Rahal Moss,27,Avellaneda
6,Jillene Spellard,38,San Miguel
467,Katharina Cossans,43,Berisso
181,Hadleigh Spedding,31,Morón
25,Trixi Hurleston,31,Merlo
380,Wren Di Gregorio,39,Punta Lara
898,Maude Rumble,30,Berisso
301,Kimbell Gunby,27,Morón
661,Trumaine Scandrett,29,San Fernando
750,Alexia Sharrocks,26,Tres de Febrero
435,Melva Saddleton,34,Ituzaingó
713,Oren Prati,23,Cañuelas
349,Chariot Stockford,40,Berisso
404,Desiri Smithend,33,San Fernando
728,Gisella Paver,41,Tigre
78,Fanchon Kiessel,31,San Fernando
118,Blair Lancley,30,Avellaneda
551,Rhianna Starmer,36,Berisso
913,Eddie Scarre,32,Punta Lara
198,Boy Caseley,34,La Plata
790,Harper Jovey,35,General Rodríguez
515,Kristos Lengthorn,34,Pilar
545,Rochester Helgass,34,San Isidro
456,Thatcher Kittles,31,Vicente López
626,Cody Anders,25,Castro Barros
94,Gustave Brader,29,Marcos Paz
506,Ardelia Hawse,29,Ituzaingó
111,Adelina Dunlap,34,Esteban Echeverría
121,Debi Lindback,33,Florencio Varela
396,Eliza Mitchiner,30,Escobar
678,Addison Roscow,28,San Isidro
26,Jeana Vitet,36,La Matanza
868,Blithe Laughrey,32,Adrogué
741,Adelbert Van Oort,30,Merlo
189,Hetti Giurio,43,General Rodríguez
636,Reggi Upward,32,La Matanza
849,Georges Sholl,36,Morón
32,Gifford Cuxon,31,Tigre
388,Britteny Nicholl,38,Merlo
136,Reggie Boissier,39,Esteban Echeverría
774,Reiko Bainton,34,Lanús
145,Randy Flaonier,33,Morón
733,Maris Eliet,30,Moreno
814,Emmie Talby,30,Castro Barros
441,Joice Lody,34,Monte
87,Eziechiele Butner,25,Lomas de Zamora
299,Betsey Real,25,Lomas de Zamora
310,Melisent Bould,33,Berisso
219,Gabi Smeaton,37,San Martín
632,Tibold Goacher,37,Malvinas Argentinas
928,Adelice Butcher,33,Morón
738,Carlota Synnott,31,Hurlingham
877,Kenton Tebbs,28,Avellaneda
28,Tommie Blampey,30,Banfield
452,Darryl Harraway,37,Quilmes
594,Channa Mixon,40,Morón
858,Hoyt MacVean,35,Avellaneda
993,Payton Jerdein,39,Berisso
33,Lucille Wisden,33,La Matanza
486,Wilden Larkins,39,Escobar
395,Jammal Treeby,44,Vicente López
1000,Ric Bohey,29,Ezeiza
471,Son De Morena,28,General Rodríguez
822,Saxon Ort,25,La Matanza
289,Marina Luppitt,37,Punta Lara
141,Pennie Alldre,38,Banfield
234,Grove Mollon,29,San Fernando
536,Alfons Vinsen,28,Tigre
163,Ingaberg Pilbeam,30,Morovín
473,Brear Challenger,42,Banfield
625,Anatol Bernhardsson,36,Florencio Varela
856,Wanids Coey,34,Morón
682,Lenard Bonass,28,Castro Barros
477,Raleigh Pallatina,34,José C. Paz
763,Talbert Roycroft,35,Lomas de Zamora
509,Berty Seager,38,San Isidro
383,Baldwin Rodenhurst,41,Lomas de Zamora
125,Jackquelin Danick,22,Morón
345,Brocky Culshew,42,Quilmes
369,Lucais Flancinbaum,28,General Rodríguez
126,Hershel Antonazzi,30,Lomas de Zamora
598,Tabb Jimson,27,Marcos Paz
792,Linea Neagle,37,San Miguel
104,Clotilda Avesque,33,Morón
989,Garold Gregoriou,28,Merlo
211,Ernesto Armistead,36,Ituzaingó
727,Emmy Tidcomb,32,Tigre
696,Giles Lieber,26,Lomas de Zamora
406,Weylin Wortt,27,Ensenada
333,Lenard Farndon,32,Avellaneda
320,Gaultiero Casetta,20,Moreno
698,Grove Frigot,32,Cañuelas
342,Marigold Roth,30,Castro Barros
621,Bill Ancketill,35,Hurlingham
287,Mellisent Beck,35,San Miguel
212,Harriet Rebbeck,34,Berazategui
355,Robbin Yvens,36,Hurlingham
568,Armand Yourell,45,Avellaneda
64,Weston Benterman,30,Vicente López
108,Chiarra Mayler,32,Florencio Varela
633,Marne Agus,31,General Rodríguez
787,Andeee Hutchins,37,Quilmes
776,Lyndsey Kimbrey,35,Ezeiza
613,Liam Toward,39,Punta Lara
83,Randie Thebe,34,Lomas de Zamora
881,Ethelin Barnewille,34,San Martín
379,Shara Pixton,35,Quilmes
563,Caterina Pinney,41,Punta Lara
147,Nolie Britland,34,Vicente López
157,Tymothy Lightbowne,33,Banfield
744,Florie Francklyn,29,Lanús
196,Andrus Tansley,32,Malvinas Argentinas
959,Anitra Jiggens,30,Monte
410,Andrus Wyson,30,Quilmes
81,Lucias Farnon,33,Castro Barros
209,Stafani Burbidge,39,Merlo
72,Hermy Smurfitt,41,José C. Paz
223,Teodor Cloute,35,José C. Paz
986,Glendon Gomm,31,Quilmes
954,Giorgio Delacroix,34,General Rodríguez
190,Roberto Clilverd,39,Florencio Varela
10,Adeline Matiasek,45,San Martín
924,Gwenneth Meynell,38,Castro Barros
736,Ira Dunstone,28,Berazategui
879,Hilliary Huot,32,Moreno
672,Modesty Colvin,35,Morón
424,Barbra Pernell,36,Berisso
596,Araldo Belford,27,Lomas de Zamora
543,Alis Markson,35,Avellaneda
425,Kippar Lucius,33,Cañuelas
262,Bernard Olenchenko,37,General Rodríguez
526,Gretna Krojn,33,Escobar
419,Winn Aaron,38,La Plata
853,Elle Spatig,31,San Miguel
48,Marcelline Treleaven,36,Ezeiza
376,Trueman Drivers,39,Lomas de Zamora
343,Val Mills,23,Morón
866,Urbain Howsego,29,General Rodríguez
240,Horatio Cowterd,29,Quilmes
151,Karim Simanek,31,Lanús
854,Kimmy Refford,28,Avellaneda
801,Michaeline Waddie,35,Hurlingham
549,Chrotoem Dahlbom,27,Morón
663,Waneta Ungerecht,40,José C. Paz
553,Alberto Yglesias,35,Banfield
191,Cindy Reddick,26,Banfield
546,York Etherson,28,La Plata
496,Bertina Hammand,41,Ituzaingó
708,Collete Rubberts,32,Morón
89,Isabella Sends,42,Avellaneda
588,Blondelle Gammack,34,Lomas de Zamora
8,Randie Brigge,35,José C. Paz
284,Lorettalorna Brigg,32,Esteban Echeverría
669,Lou Mattedi,34,Cañuelas
784,Michel Mc Ilory,34,Adrogué
642,Mart Eckley,41,San Miguel
99,Levon Jimeno,31,Ezeiza
461,Nelle Lygo,39,Castro Barros
400,Victoir MacClinton,32,Esteban Echeverría
255,Ysabel Comfort,30,Quilmes
324,Tammie Custance,22,Berisso
62,Salem Healeas,29,Merlo
393,Wiley Wadeson,42,San Miguel
952,Barny Campsall,36,Esteban Echeverría
443,Mychal Garmans,34,Moreno
718,Lewie Medd,29,Tigre
311,Trish Romagosa,31,Quilmes
820,Gregorio Donisthorpe,31,José C. Paz
781,Jacquelin Barcke,32,Ensenada
876,Rivalee Colton,34,Tigre
263,Donna Vinter,33,Quilmes
277,Rosco Crossingham,27,Quilmes
714,Neil Fuge,25,Merlo
773,Mel Briat,38,Pilar
743,Lydia Tupling,36,Moreno
463,Devonne McDermott-Row,33,Monte
984,Glenine Werrilow,33,Berazategui
288,Hope Sexton,30,Ensenada
493,Padraic McCrachen,31,Pilar
428,Reinwald Urion,31,Escobar
985,Nevins Klossek,33,Cañuelas
258,Arleyne Jiroudek,37,Punta Lara
337,Bartholomeo Dunk,31,Avellaneda
475,Patrizio Jakab,32,Berazategui
662,Isaac Gilchrist,32,Monte
37,Ardeen Cissell,38,Cañuelas
643,Nickie Canty,39,Banfield
579,Fair McShane,31,Pilar
368,Brent Prewer,38,Esteban Echeverría
204,Mattie Seaking,28,Ensenada
316,Bartie Teresia,26,La Plata
637,Meryl Harries,33,Moreno
612,Leland MacGarrity,39,Lomas de Zamora
967,Karoly Lacoste,36,Lomas de Zamora
833,Dedra Pride,36,Adrogué
439,Delano Flaune,35,Ituzaingó
107,Bernadine Velti,28,Hurlingham
159,Gaultiero Dennert,36,Cañuelas
652,Gaven Brevitt,38,Moreno
334,Chrisse Bruneau,31,Avellaneda
292,Melisenda Meikle,32,Escobar
758,Drugi Odegaard,38,La Matanza
775,Cybil Fidilis,28,Banfield
260,Kevin Alekhov,30,La Plata
96,Jere Titcombe,33,Esteban Echeverría
912,Roman Rentalll,38,Lomas de Zamora
564,Griff Barthrup,42,La Matanza
312,Cassandra Jefferies,36,Banfield
431,Carley Buddell,36,Tigre
679,Michele Botwood,36,Escobar
88,Catherine Vivians,27,Ensenada
927,Maegan Siman,36,Moreno
969,Mario Caplan,30,Vicente López
622,Edmund Baudic,34,Lanús
528,Kalvin Chessman,36,La Plata
827,Aloin Sooley,33,Tres de Febrero
692,Gertie Victor,34,Berisso
644,Tod Windross,43,Moreno
634,Sherwood Sympson,29,Berazategui
92,Sammy Bussell,34,Punta Lara
731,Udall Cripwell,38,Punta Lara
977,Hatty MacCumiskey,42,Ezeiza
331,Enrichetta Guillem,39,Morovín
794,Renie Zouch,29,La Matanza
386,Gerhard Duesbury,34,Escobar
273,Hadrian Basezzi,37,Monte
746,Fernanda Baversor,35,San Fernando
5,Hedda Sutherby,38,Berazategui
923,Bettine Bleas,26,Marcos Paz
152,Freddi Dunbobin,33,San Fernando
450,Eduardo Muscat,39,Morón
962,Noelyn Learoyde,36,Berazategui
992,Melamie Fforde,26,Avellaneda
813,Deni Lailey,35,Florencio Varela
411,Wendie Bartol,29,Morón
415,Stanford Josovitz,36,Escobar
245,Miltie Phlippi,37,Marcos Paz
641,Nikola Cluely,30,San Isidro
864,Garvey Almak,37,Marcos Paz
146,Noland McSporrin,29,Morón
766,Dolley Poile,36,La Plata
36,Wanda Hankard,38,Punta Lara
793,Dacy Cretney,30,Castro Barros
565,Olivia Cleghorn,38,Lomas de Zamora
214,Dorthea Tregea,33,Adrogué
917,Ashli Sommerlin,29,General Rodríguez
502,Nap Jordanson,27,Esteban Echeverría
976,Kakalina Boichat,28,Tigre
249,Base Pietrusiak,29,San Isidro
197,Gearard Moggie,27,Pilar
266,Ethyl Shayler,30,Ensenada
765,Margy Forsdicke,26,Hurlingham
615,Ferdinande Revitt,26,Florencio Varela
524,Alma Faley,36,Hurlingham
819,Sibylle Mauro,27,La Plata
697,Bertha Heinzler,38,Esteban Echeverría
751,Tabatha Giggs,36,Malvinas Argentinas
401,Sada Gann,38,Castro Barros
199,Gregoire Rowena,29,Castro Barros
142,Ashia Le Fleming,42,La Plata
674,Ellyn Pevreal,41,Pilar
357,Biddie Kyteley,29,General Rodríguez
533,Chere De Stoop,33,Punta Lara
777,Sheffield Shelsher,35,Tigre
205,Kippy Luard,27,Tigre
52,Iona Purches,31,Hurlingham
735,Grethel Gaspard,38,Cañuelas
586,Lucian Shirt,34,Ensenada
134,Englebert Bethell,47,Lanús
272,Christalle Dixon,45,Punta Lara
947,Lilla Kneafsey,31,Monte
426,Vlad Coonihan,29,La Plata
251,Hubey Janoschek,30,Tigre
655,Sky Parlott,37,Moreno
675,Berne Elcoux,35,San Isidro
747,Malcolm Vasenin,25,Escobar
981,Raynard Wernham,33,Lomas de Zamora
360,Steffie Harrod,29,Avellaneda
576,Sheree Vakhrushev,32,José C. Paz
309,Rickey Hillaby,20,Merlo
712,Petr Hullah,36,Morón
945,Tova Dalling,31,Punta Lara
455,Beatrix Raigatt,36,San Martín
964,Sullivan Arpin,35,General Rodríguez
648,Imogen Toderini,40,Ezeiza
884,Grantham Climson,27,Vicente López
79,Mack Tomenson,28,Avellaneda
445,Izabel Dunphy,35,Quilmes
600,Marlane Rabbitt,33,Morón
143,Melba Skowcraft,33,Malvinas Argentinas
133,Chic Janak,39,La Plata
457,Larisa Mole,42,Tres de Febrero
261,Angy Lailey,33,José C. Paz
535,Julio Radenhurst,35,Pilar
737,Alberta Tuson,36,La Plata
772,Anne Gadson,35,Lomas de Zamora
715,Mace Calverley,35,Avellaneda
559,Lanie Denisot,40,Hurlingham
703,Perrine Dixcee,41,Morón
346,Malva Cremer,35,Vicente López
77,Minnaminnie Meller,34,San Isidro
960,Oriana Walcar,40,San Miguel
418,Jacquetta Degli Antoni,34,Pilar
539,Karole Haverty,41,Vicente López
654,Alwin Dach,35,San Isidro
601,Roxana Guntrip,38,Monte
93,Stuart Goldsworthy,37,San Martín
932,Dora Surgen,31,San Isidro
929,Giacobo Minghella,38,Pilar
542,Dulcine Brandt,42,Punta Lara
925,Orsa De Beauchamp,26,Escobar
67,Scot Planke,39,La Matanza
680,Malva Huddles,31,Lomas de Zamora
734,Tuesday Biskupski,48,General Rodríguez
618,Abbe Adds,33,Malvinas Argentinas
193,Arvie Allain,31,Berisso
817,Jessica Marshal,30,Berisso
57,Minetta Agneau,33,General Rodríguez
438,Bonnee Ibbott,23,Avellaneda
242,Chelsey Redford,37,Ezeiza
264,Keelby Gandley,37,Morón
421,Timofei Grotty,34,Ensenada
53,Adolphus Grishelyov,25,Banfield
617,Dona Bunford,31,José C. Paz
845,Enriqueta Risman,32,Avellaneda
614,Eimile Killingsworth,39,Marcos Paz
61,Alasteir Tallowin,29,San Miguel
371,Natalee McKerrow,25,San Martín
646,Ana Binnes,38,Hurlingham
375,Willabella Giurio,36,Escobar
555,Vilhelmina Scoffins,25,Lanús
164,Bartie Pallent,33,Florencio Varela
897,Fabian Santo,31,Ensenada
183,Janek Broadbear,40,Quilmes
694,Sibylla Pearmain,30,Tres de Febrero
423,Shelton Stancer,41,Florencio Varela
377,Trip Hamson,24,La Plata
451,Asa Self,31,Vicente López
520,Kathi Debenham,32,Tres de Febrero
786,Daisi Derkes,39,Marcos Paz
803,Erinn Ghent,38,Merlo
91,Emyle Lambin,30,Avellaneda
671,Ginnie Gerrit,36,Malvinas Argentinas
497,Early Merrigan,36,Hurlingham
882,Eula Jakeman,33,General Rodríguez
906,Leon Odom,34,San Isidro
657,Ardelis Tenaunt,38,Vicente López
492,Stacie Oldridge,36,Moreno
185,Terza Eastwell,30,Marcos Paz
120,Godard Sarch,35,Berazategui
699,Martha Spendlove,37,Ituzaingó
156,Dierdre Robic,41,Merlo
416,Laurianne Clemendet,39,Quilmes
132,Sibylle Vineall,32,Ezeiza
200,Flossi O' Meara,35,Quilmes
544,Phyllida Riccione,41,Avellaneda
532,Nathaniel Sterry,32,La Plata
278,Kerrie Kinig,35,Tres de Febrero
491,Ynez Fellows,31,General Rodríguez
693,Mikael Pitrollo,39,La Matanza
608,Wilmar Fountaine,33,Adrogué
851,Wilma Osler,39,Lanús
552,Nikki Olwen,24,Esteban Echeverría
453,Massimiliano Hearnes,42,Ezeiza
903,Penrod Deaves,27,San Fernando
673,Galen Moggan,32,Ezeiza
34,Marcelle Dawes,29,Avellaneda
31,Leonid Gavahan,41,Moreno
966,Mirella Cahn,33,La Plata
561,Patrizius McRonald,35,Merlo
412,Sascha Langton,30,Monte
721,Elizabeth Tumbelty,31,Punta Lara
170,Zeke Adamkiewicz,37,Punta Lara
571,Krystle McKeggie,30,San Miguel
124,Rance Brouard,32,San Martín
946,Ora Thornewell,36,Tres de Febrero
894,Kit Lomasna,34,Marcos Paz
336,Terrijo Heasley,30,General Rodríguez
742,Gloriane Munson,27,Malvinas Argentinas
434,Rodge Dunkley,30,San Isidro
403,Micki Colisbe,42,Monte
968,Sam Kummerlowe,33,Tres de Febrero
664,Belinda Down,35,Avellaneda
173,Dotty Mattusov,33,Moreno
640,Tulley MacPake,39,Lanús
339,Ralf Largent,35,General Rodríguez
574,Barrie Ouldred,36,Merlo
873,Jeno Perrinchief,39,Morovín
883,Judah Cakebread,30,San Miguel
583,Minnie Blowin,37,Banfield
307,Jabez Jouannin,29,Escobar
501,Kenton Giraldon,31,Cañuelas
86,Brigitta Lahiff,29,Ezeiza
315,Merci Charnock,36,José C. Paz
483,Tye Cronk,32,Avellaneda
230,Deonne Tully,35,Escobar
826,Charissa Brentnall,32,Avellaneda
217,Jareb Chazerand,31,Tres de Febrero
351,Vikki Mishow,35,San Fernando
201,Briny Upcraft,24,Tres de Febrero
503,Dalia Waddam,28,La Matanza
921,Devina Gilkison,34,Quilmes
577,Errick Ledbury,34,La Plata
466,Gerta Limbourne,32,San Fernando
944,Alleen Domelaw,38,Morón
937,Mead Grew,27,Ensenada
768,Hector McRoberts,41,General Rodríguez
290,Traver Rumens,31,Berisso
448,Ebba Ravelus,37,La Plata
624,Darcee McTear,31,Malvinas Argentinas
167,Jacinta Gabits,40,Quilmes
527,Ysabel Tall,32,Quilmes
835,Carl Adlard,29,Esteban Echeverría
887,Tamiko Vamplers,33,Adrogué
481,Nessi Dumbarton,36,Pilar
437,Mirna Soar,37,San Isidro
901,Harwell Sorbey,41,Vicente López
317,Smitty Stocky,28,Castro Barros
623,Markos Dellenbrook,32,Merlo
460,Raquel Beane,41,San Martín
707,Boniface Hufton,39,Berisso
689,Melania Pendry,35,Monte
570,Ynez Rennie,31,Berazategui
808,Maryl Easey,35,Avellaneda
659,Lisetta Jalland,32,Adrogué
905,Ches Reaney,25,Punta Lara
550,Elli Lyosik,36,Tres de Febrero
844,Ailbert Pedlingham,41,Marcos Paz
246,Cherice Stuchbury,30,San Miguel
943,Federico Stirling,32,General Rodríguez
447,Genia Longbottom,37,Hurlingham
726,Cristy Salzburg,39,Pilar
478,Taddeo OIlier,36,Moreno
567,Desmund Roelvink,35,Morón
902,Cathleen Latan,28,Ezeiza
517,Hale Iddins,37,Pilar
710,Kati Chalfant,31,Berazategui
522,Robbie Foote,36,Avellaneda
677,Wittie Deem,33,La Plata
140,Domingo Drew,34,General Rodríguez
90,April Duddan,33,Merlo
253,Betteann Kift,32,San Isidro
752,Salomone McElrea,32,San Isidro
691,Dore MacKey,36,Moreno
919,Granny Geerling,47,Adrogué
700,Friederike Eilhermann,33,Cañuelas
325,Evangelia Thundercliffe,37,Esteban Echeverría
931,Theodore Alexandersson,42,Ezeiza
382,Normie Hoodlass,29,La Matanza
529,Tony Kordas,32,Moreno
770,Bentley Akam,36,San Martín
318,Arlene Cottham,34,Cañuelas
848,Violette Beedle,31,Malvinas Argentinas
846,Jerry Lochrie,34,Ensenada
122,Kelbee Pakeman,32,San Miguel
979,Port Gerger,36,Quilmes
500,Jerri Honeywood,42,Ituzaingó
16,Gates Tamblyn,37,Cañuelas
237,Amabelle Dunstall,34,La Matanza
796,Linus Grayson,35,Escobar
409,Mellie Jose,38,La Plata
810,Manda Milbourn,37,San Fernando
800,Morie Manby,37,Ezeiza
886,Maxine Shewon,34,Ensenada
1,Joane Dorsey,42,Banfield
286,Hugo Nowill,34,General Rodríguez
271,Suzann Weatherill,39,San Miguel
935,Sybille Crowder,37,Quilmes
391,Nisse Serjeantson,36,José C. Paz
995,Meggi Bussey,30,La Plata
920,Chico Buesnel,42,La Plata
216,Nicolette MacCafferky,30,Avellaneda
904,Gail Ions,34,Avellaneda
187,Blinni Ionnidis,27,General Rodríguez
805,Bridget Dolan,37,Ensenada
519,Kerri Stayt,33,Esteban Echeverría
235,Madlen Passman,39,Pilar
202,Elysia Hallwell,29,Ezeiza
328,Claudian Eccles,36,San Fernando
474,Seka Jeannin,36,La Plata
941,Noni Hawkridge,35,Lomas de Zamora
581,Horatia Klainer,30,Lanús
930,Mirella Flahy,38,José C. Paz
749,Cathlene Mapledoram,29,Quilmes
433,Hamel Feye,29,Malvinas Argentinas
584,Andra Pilmer,32,Monte
402,Boycie Carnier,41,Moreno
573,Kacie Vogele,31,La Plata
75,Fedora Hursey,39,San Martín
269,Sansone Krol,38,Ituzaingó
44,Minda Richings,35,Avellaneda
771,Jaquith Jacobson,35,Moreno
837,Elisha Baldwin,25,San Martín
611,Gillian Cockran,35,San Martín
165,Ludovika Ivanchin,28,La Matanza
495,Joyan Orwin,26,Malvinas Argentinas
112,Noreen Lamonby,34,San Isidro
172,Erhart Jeavons,41,Esteban Echeverría
470,Jerry Spratley,26,Pilar
616,Jdavie Bambery,37,Punta Lara
606,Elisabet Crees,38,Banfield
174,Lynn Burburough,35,Cañuelas
373,Dana Hardacre,34,Florencio Varela
537,Lion Penwright,37,Quilmes
709,Rodi Senussi,33,Quilmes
54,Abram Hillam,30,Quilmes
798,Tull Pavese,36,La Matanza
267,Conny Dyball,31,Avellaneda
739,Winny Strathe,29,San Martín
828,Shandeigh Cassedy,29,San Martín
834,Karna Panks,37,Merlo
975,Issi Getty,29,Ezeiza
983,Jedidiah Crosfeld,30,Florencio Varela
872,Leland Roj,27,Berazategui
135,Lynnelle Hadrill,36,Quilmes
46,Austina Berwick,39,Adrogué
82,Madelle Munkley,37,Quilmes
991,Shirlee Gaitskill,34,Lomas de Zamora
35,Constantia Woodrup,32,San Fernando
635,Shirley Iston,30,San Martín
933,Kaye Testin,38,Tigre
115,Chevalier Espadas,25,Banfield
300,Ada Lockier,32,General Rodríguez
724,Lavinia Hagyard,26,San Isidro
589,Minnaminnie Laurenceau,23,Quilmes
653,Tuck Parriss,34,Monte
430,Buddy Dankersley,25,Moreno
647,Francklin Cardis,29,José C. Paz
725,Halsey Braine,35,San Miguel
192,Naomi Kesper,36,José C. Paz
488,Rica Farnan,41,Ituzaingó
358,Chadd Jaskowicz,48,La Plata
323,Martin Shildrake,35,Berazategui
620,Carline Parsell,34,La Matanza
109,Ilario Inchbald,34,San Isidro
494,Murry Pedder,35,Castro Barros
578,Rockie Huxham,39,San Miguel
753,Cortney Brettoner,34,General Rodríguez
38,Gusta Slaten,28,Moreno
14,My Elsip,39,Tres de Febrero
374,Minnie Hillam,35,José C. Paz
225,Cirilo Macklam,31,Tigre
15,Des Fetherstan,34,La Matanza
270,Roma Byass,31,Monte
73,Jerome Letterese,30,Ituzaingó
238,Carilyn O'Connel,34,La Plata
566,Neile Becket,29,Banfield
825,Gallard Gambie,32,Quilmes
405,Lacie Doge,32,Lomas de Zamora
291,Goldi Arnowitz,28,San Miguel
49,Cathe Lindeboom,33,Tres de Febrero
354,Forrest Skitterel,32,Ezeiza
306,Renell Bradane,31,Ezeiza
926,Rowen Hartas,24,Escobar
499,Kariotta Camps,31,Morovín
206,Kaja O'Hallagan,26,Quilmes
651,Theresa Sussex,33,Moreno
130,Janna Davidoff,37,Ituzaingó
468,Gayelord Tocknell,27,Merlo
525,Marlowe Vannet,29,La Matanza
304,Jed Stobbie,33,La Plata
512,Alvinia Fulep,36,Merlo
154,William Cambling,37,Esteban Echeverría
498,Elsy Taffe,30,Ensenada
885,Abbey Decent,42,Avellaneda
809,Palmer Weatherley,41,Lomas de Zamora
889,Bernarr Hayler,29,Quilmes
489,Cathie Camell,21,Escobar
195,Oliviero McGaraghan,27,Escobar
274,Liesa Valder,29,Moreno
757,Aida Poley,45,San Martín
63,Marni Haggarty,42,Castro Barros
305,Brett Kleinstern,32,San Fernando
745,Kermy Reyner,32,Merlo
384,Harlie Szymonwicz,35,Hurlingham
761,Jeffrey Ruzicka,29,La Plata
60,Merrill Jeffries,37,Pilar
74,Dalli Bamlett,28,General Rodríguez
41,Lauren Rupp,37,Morón
795,Pieter Dwelling,39,Florencio Varela
852,Gwyn Lovie,31,Berazategui
168,Ulises Bentke,29,Morón
413,Devon Billings,32,Adrogué
298,Coleen Wotherspoon,35,Berazategui
330,Mersey McKennan,30,San Isidro
953,Cal Kidd,29,Morovín
194,Nester Caseley,40,Hurlingham
818,Rowland Missington,39,Escobar
816,Norri Shearer,27,La Plata
138,Derek Hizir,35,Morovín
208,Ede Dust,27,Esteban Echeverría
155,Sherwood Chasmor,34,Marcos Paz
56,Graig Kirvell,24,Monte
730,Virgie Benjefield,32,La Matanza
759,Maegan O'Driscoll,23,Marcos Paz
487,Daisi Roark,34,Berisso
530,Raf Harnell,38,Escobar
353,Linus Parkes,33,Castro Barros
779,Paxon Kerbey,27,Tres de Febrero
285,Tedra Tilney,23,Avellaneda
562,Jamie Maestrini,37,Cañuelas
250,Goldia Josuweit,36,Avellaneda
610,Adolpho Deare,37,Merlo
878,Andee Hillatt,38,Morovín
103,Reuben Westphalen,30,La Plata
797,Becky Saffill,30,Hurlingham
429,Josh Hazley,29,San Fernando
364,Rock Bergstram,37,Hurlingham
366,Fan McGrirl,27,Castro Barros
895,Scot Kitteringham,38,José C. Paz
282,Steffane Cheltnam,34,Avellaneda
557,Beniamino Rattrie,32,Marcos Paz
327,Serena Lassey,30,Escobar
239,Cathie Graeber,38,San Isidro
281,Virginia Gytesham,41,San Isidro
593,Carmon Meenehan,35,Punta Lara
314,Albertina Fitzhenry,32,Lomas de Zamora
896,Dulcy Oliva,34,Ituzaingó
17,Sissie Kirton,40,Tres de Febrero
915,Algernon Helsdon,35,Tres de Febrero
144,Codi Dooman,32,Cañuelas
706,Tait Coop,32,Quilmes
832,Carry Statter,32,San Martín
756,Clerkclaude Bayman,48,Ituzaingó
590,Gwenny Gorwood,34,Quilmes
394,Elianora Dykins,33,Morovín
658,Ana Thorneley,38,San Fernando
769,Friedrick Braidon,37,Pilar
619,Mickie Salliss,36,San Miguel
389,Anitra Wild,34,Lomas de Zamora
716,Frants Bear,31,Castro Barros
748,Alard Harlowe,33,Punta Lara
665,Stirling Berrycloth,37,Adrogué
874,Eimile Diggell,45,Monte
469,Beatrix Ambroz,23,Quilmes
59,Louisa Lebang,36,San Martín
302,Wheeler Keeley,32,La Matanza
592,Nonna Taphouse,43,Punta Lara
914,Rutherford Wise,31,Moreno
582,Bobina Pilmer,27,Adrogué
595,Aimil Combes,31,José C. Paz
58,Nate Maasz,25,Punta Lara
359,Noel Gravet,29,La Matanza
462,Gloria Berresford,43,Lomas de Zamora
390,Isabelita Sibun,36,Moreno
609,Sally Orable,46,Morovín
101,Arnold Halcro,38,Castro Barros
322,Sonja Jellybrand,27,Quilmes
186,Garik Marrow,29,Morón
180,Kamilah Culwen,33,Ituzaingó
280,Berri Yanne,34,Merlo
248,Linea McIlroy,41,Castro Barros
43,Dana Dudleston,28,Avellaneda
24,Currey Storre,31,Ituzaingó
166,Dale Trood,38,San Isidro
997,Perry Lamplugh,34,Quilmes
171,Grantham Brickham,35,Quilmes
233,Corine Sheehy,25,Berazategui
963,Lana Crissil,35,San Martín
767,Murdock Pawlaczyk,34,Florencio Varela
556,De Gravenall,31,Tigre
513,Sianna Woodhams,33,Morón
668,Alec Simpkins,27,Malvinas Argentinas
347,Aurilia Londors,32,Ituzaingó
7,Gonzales Findlow,35,Punta Lara
869,Etheline Gittings,32,Berisso
129,Wendeline Giacovelli,36,Malvinas Argentinas
254,Norman Bresner,34,Berazategui
951,Birdie Orrum,36,José C. Paz
970,Zenia Brand-Hardy,37,Moreno
628,Katleen Dunlap,37,Merlo
9,Lorenza Croley,30,Morón
22,Reginauld Matthewson,41,La Plata
222,Giorgi Pedwell,29,Merlo
69,Lazare MacKegg,35,Morovín
704,Ximenez Pendlebery,34,Banfield
13,Care Rate,38,Ezeiza
113,Michaella Molnar,34,La Matanza
591,Toddie Beagley,36,La Plata
732,Malissa Umbert,27,Lomas de Zamora
760,Ernie Battram,29,Punta Lara
422,Dud Chittie,28,Avellaneda
670,Frederic Swindon,36,Marcos Paz
476,Donny Macy,31,Tigre
256,Fiorenze Woodes,40,San Miguel
459,Leesa Gask,38,San Martín
688,Emmy Swinden,35,Florencio Varela
363,Athene Dyter,37,La Matanza
687,Jarad Korneichik,29,San Martín
630,Karl Dunan,37,Ensenada
892,Antonina Shird,32,Monte
259,Jaine Gobat,37,La Plata
971,Sylas Botler,29,Morón
45,Perice Hinners,30,San Isidro
815,Louie Ledgister,39,Malvinas Argentinas
100,Teodoro Schott,30,Avellaneda
252,Leonerd Ganning,33,Monte
117,Orly McTrustrie,31,Pilar
603,Lanae Poulsen,37,Avellaneda
153,Andros Goshawk,36,Hurlingham
719,Farley Scala,28,Malvinas Argentinas
811,Laraine MacNeilly,31,San Fernando
645,Isobel Gutridge,37,Hurlingham
504,Donna Elnough,29,San Martín
505,Anatol Ingledow,38,Berisso
279,Michaelina Riddington,35,Quilmes
900,Shawna Marielle,31,Marcos Paz
485,Toni Gunning,38,La Plata
521,Baron Dyka,30,Moreno
381,Harriett Merrell,34,San Martín
723,Alvy Heinl,40,Vicente López
806,Cole Handy,38,Marcos Paz
221,Hilly Czajka,26,San Miguel
523,Kaja Luckes,38,Morón
340,Charil Conaghy,35,Marcos Paz
604,Waite McTurk,32,La Plata
957,Kore Silberschatz,36,Berisso
649,Sebastian Habishaw,26,José C. Paz
660,Cal Groomebridge,36,Avellaneda
367,Clem Fibbit,33,Cañuelas
880,Tod Di Bartolomeo,32,Esteban Echeverría
755,Valentino Jess,40,Berisso
843,Georgette Kures,46,Berazategui
313,Clare Kedwell,37,Morovín
799,Maren Marham,40,Banfield
184,Marlene St. Ledger,35,Lomas de Zamora
908,Nydia Durbin,27,Ensenada
218,Sinclair Monaghan,25,Esteban Echeverría
484,Delinda Pudney,36,La Plata
510,Drugi Lammert,32,Tigre
150,Conrade Slaght,39,Vicente López
899,Ginger Tunbridge,29,Punta Lara
335,Armando Maciocia,37,Escobar
85,Quinta Martinot,35,San Isidro
684,Barbabas Clarae,39,Esteban Echeverría
690,Emiline Whorf,37,San Fernando
436,Rickey Gatesman,37,Ezeiza
711,Tessie Eaves,35,Lanús
332,Giavani Jizhaki,27,Berisso
607,Tami Sisselot,34,Florencio Varela
508,Cassaundra Rowbottam,42,Pilar
308,Bevan Addy,37,José C. Paz
838,Roanne Musson,36,Morón
27,Juliet Fernely,41,San Miguel
907,Tasha Neil,45,San Isidro
65,Karole Bushel,34,Berazategui
387,Mitzi Showers,30,Tres de Febrero
514,Elsy Arangy,28,Lanús
934,Guillermo Doubleday,38,Morovín
587,Rebecka Bruckshaw,41,Malvinas Argentinas
824,Philipa Skeldon,41,Marcos Paz
50,Elly Pitway,27,Pilar
656,Moselle Fellona,31,Lanús
531,Dannie Gillino,41,Berazategui
356,Arte Pardie,36,Ezeiza
857,Melisse Bartrap,37,San Isidro
294,Alfy Gohn,35,Malvinas Argentinas
162,Heddie Wapple,35,Lanús
965,Loria Corkell,42,Berazategui
399,Svend Rylatt,26,José C. Paz
572,Dane Barde,35,Hurlingham
666,Arv Treven,36,Morovín
362,Jilleen Angerstein,30,Malvinas Argentinas
639,Joycelin Novacek,26,Escobar
378,Jonathan Sprasen,32,Quilmes
650,Benjamen Cavey,33,José C. Paz
575,Wilow Lovewell,20,San Isidro
229,Eimile Housegoe,34,Morón
3,Glenn Pickavance,34,Hurlingham
68,Garland Reeks,34,Lanús
980,Galvan Giacovetti,36,Hurlingham
982,Phil Harbidge,33,Ituzaingó
783,Raynor Latham,35,San Fernando
910,Zahara Knowling,28,Florencio Varela
432,Sibyl Byham,25,Avellaneda
939,Marco Mocquer,37,Moreno
244,Free MacMaykin,34,Monte
988,Sandye Rudolfer,32,Malvinas Argentinas
442,Claybourne Tenaunt,30,Vicente López
850,Lucy Semrad,38,Morovín
215,Grantham Maffia,38,Quilmes
558,Belia Monery,34,Vicente López
518,Arluene Toy,40,Hurlingham
911,Garvy Romaine,32,Esteban Echeverría
996,Joletta Bricham,44,San Miguel
547,Virgie Hodcroft,30,Tigre
472,Mariel Gerrish,36,San Isidro
148,Garv Tie,33,Vicente López
812,Seumas Bathersby,42,Marcos Paz
407,Vivi Pandie,24,Vicente López
128,Ilse Lally,27,Esteban Echeverría
936,Richart Kermit,35,Ezeiza
701,Saundra Coverlyn,30,San Martín
12,Rorie Aish,37,Monte
683,Wilmar Jelfs,42,Lomas de Zamora
847,Lissie Casper,29,San Miguel
51,Suzanna Josilevich,33,Malvinas Argentinas
295,Eloise Hasely,32,Florencio Varela
940,Danya Hargrove,37,Berazategui
2,Stacee Cheatle,36,San Martín
188,Imelda Lockitt,47,Marcos Paz
685,Gaby Blois,29,Ituzaingó
42,Luisa Esley,24,Tres de Febrero
676,Cyndie Filmer,41,Marcos Paz
802,Starlin Villa,27,Avellaneda
39,Kelci Peiser,42,Ensenada
918,Cecilio Lile,33,San Fernando
841,Norby McKag,32,Pilar
119,Rodrique Shingfield,19,San Fernando
228,Dania Kemwall,35,San Fernando
398,Murvyn Lemonnier,37,Quilmes
686,Kristoforo Lewsy,38,Malvinas Argentinas
870,Kathryne Urrey,33,José C. Paz
446,Anthe Doughill,33,Quilmes
444,Ferguson McFarland,36,Berisso
569,Annice Cudihy,36,Berisso
875,Karlen Kilfether,37,Castro Barros
974,Omar Falkinder,27,Marcos Paz
106,Andrea Pulley,41,Cañuelas
860,Cammy Howgate,35,La Plata
978,Christophorus Deacon,35,General Rodríguez
160,Harwell Breitler,35,Merlo
283,Benedetta de Clerk,33,Hurlingham
956,Jolee Tynan,33,Monte
554,Natalie Latore,36,Marcos Paz
243,Fair Thorsen,32,Monte
762,Kirstin McCumskay,37,Pilar
782,Madeleine Maplesden,37,Lomas de Zamora
175,Chelsey Catterell,41,Cañuelas
950,Christel Miguet,31,Florencio Varela
840,Elaine Barkworth,34,San Miguel
720,Laurella Brauns,38,Banfield
836,Paola Grimmer,20,Cañuelas
861,Chantalle Greenalf,36,Avellaneda
454,Jayne Turbill,25,Merlo
227,Stanley Haddrill,34,Berisso
231,Isidor Hixson,27,Avellaneda
420,Will Jemison,30,Ensenada
182,Belicia Spieck,42,San Isidro
80,Madalyn Worcester,37,Punta Lara
764,Jermaine Kerr,29,San Isidro
754,Clerc Jepp,30,San Miguel
257,Kylynn Alten,32,San Martín
599,Alika Breckin,36,San Isidro
76,Lyn Bentote,33,Merlo
352,Lloyd Martinon,38,San Isidro
344,Dasie Batsford,39,La Plata
789,Susi Lockley,42,Ituzaingó
998,Gert Nuss,28,Marcos Paz
490,Tatum Tiffin,30,Avellaneda
102,Myrwyn Kipling,25,Esteban Echeverría
942,Oralie Ganiclef,32,Ensenada
293,Rhys Cours,22,Tres de Febrero
105,Carmon de Clerq,27,Avellaneda
890,Rivy de Clerk,39,Ituzaingó
865,Beret Saura,33,Pilar
729,Humfrid Nys,36,Tres de Febrero
785,Min Viger,30,Avellaneda
717,Nalani Helm,31,San Isidro
830,Bill Penddreth,28,Quilmes
480,Mathe Babington,30,La Matanza
548,Veronike Davies,30,Escobar
855,Marni Blowne,31,Quilmes
116,Sunny Growcott,36,Castro Barros
131,Morganica Spradbery,34,La Plata
638,Jayme Pirolini,30,San Martín
987,Matthaeus Riddiough,29,Tres de Febrero
338,Raynell Boyton,37,Marcos Paz
516,Russell MacKeeg,33,Adrogué
70,Farand Bignell,31,San Miguel
560,Emelia McMullen,40,Morovín
948,Benedikt Malpass,37,Avellaneda
348,Edith Richin,34,La Plata
137,Marthe Greenacre,29,Banfield
778,Benita Carding,33,Merlo
973,Bret Castagneri,24,General Rodríguez
268,Elsbeth Gerring,29,General Rodríguez
994,Sybille Brierton,40,Quilmes
372,Abey Hurich,31,Quilmes
534,Mitchel Braban,23,Pilar
961,Lynne McMullen,35,José C. Paz
326,Hermina Birchner,33,Esteban Echeverría
865,Beret Saura,33,Pilar
729,Humfrid Nys,36,Tres de Febrero
785,Min Viger,30,Avellaneda
717,Nalani Helm,31,San Isidro
830,Bill Penddreth,28,Quilmes
480,Mathe Babington,30,La Matanza
548,Veronike Davies,30,Escobar
855,Marni Blowne,31,Quilmes
116,Sunny Growcott,36,Castro Barros
131,Morganica Spradbery,34,La Plata
638,Jayme Pirolini,30,San Martín
987,Matthaeus Riddiough,29,Tres de Febrero
338,Raynell Boyton,37,Marcos Paz
516,Russell MacKeeg,33,Adrogué